city_id,city,population,city_normalized
1,Jacksonville,985843,Jacksonville
2,Miami,455924,Miami
3,Tampa,403364,Tampa
4,Orlando,320742,Orlando
5,St. Petersburg,263553,St. Petersburg
6,Port St. Lucie,245021,Port St. Lucie
7,Cape Coral,224455,Cape Coral
8,Hialeah,221300,Hialeah
9,Tallahassee,202221,Tallahassee
10,Fort Lauderdale,184255,Fort Lauderdale
11,Pembroke Pines,171119,Pembroke Pines
12,Hollywood,153859,Hollywood
13,Gainesville,145812,Gainesville
14,Miramar,138319,Miramar
15,Palm Bay,135566,Palm Bay
16,Coral Springs,134906,Coral Springs
17,Lehigh Acres,127391,Lehigh Acres
18,West Palm Beach,124130,West Palm Beach
19,Lakeland,122264,Lakeland
20,Spring Hill,118814,Spring Hill
21,Clearwater,116850,Clearwater
22,Brandon,116365,Brandon
23,Pompano Beach,113619,Pompano Beach
24,Miami Gardens,110717,Miami Gardens
25,Davie,107799,Davie
26,Riverview,107776,Riverview
27,Palm Coast,102113,Palm Coast
28,Boca Raton,99974,Boca Raton
29,Deltona,98739,Deltona
30,Fort Myers,97372,Fort Myers
31,Sunrise,96808,Sunrise
32,Plantation City,96548,Plantation City
33,Alafaya,90874,Alafaya
34,North Port,88934,North Port
35,Deerfield Beach,87325,Deerfield Beach
36,Melbourne,86960,Melbourne
37,Town 'N' Country,86544,Town 'N' Country
38,Daytona Beach,82485,Daytona Beach
39,Pine Hills,82264,Pine Hills
40,Largo,82248,Largo
41,The Villages,82108,The Villages
42,Homestead,81659,Homestead
43,Kissimmee,81269,Kissimmee
44,Boynton Beach,81267,Boynton Beach
45,Miami Beach,79607,Miami Beach
46,Doral,79359,Doral
47,Kendall,78527,Kendall
48,Lauderhill,73974,Lauderhill
49,Tamarac,72372,Tamarac
50,Wesley Chapel,71965,Wesley Chapel
51,Poinciana,71665,Poinciana
52,Ocala,68426,Ocala
53,Weston,68181,Weston
54,Delray Beach,67536,Delray Beach
55,St. Cloud,66448,St. Cloud
56,Port Orange,65966,Port Orange
57,Sanford,65394,Sanford
58,Port Charlotte,64971,Port Charlotte
59,Horizon West,62152,Horizon West
60,Wellington,61634,Wellington
61,Palm Harbor,61454,Palm Harbor
62,Jupiter,61291,Jupiter
63,Palm Beach Gardens,61146,Palm Beach Gardens
64,Four Corners,60443,Four Corners
65,Apopka,59113,Apopka
66,North Miami,59008,North Miami
67,Margate,58593,Margate
68,The Hammocks,58548,The Hammocks
69,Coconut Creek,57694,Coconut Creek
70,Sarasota,57602,Sarasota
71,Winter Haven,57109,Winter Haven
72,Bradenton,57076,Bradenton
73,Fountainebleau,56453,Fountainebleau
74,Bonita Springs,56229,Bonita Springs
75,Pensacola,53724,Pensacola
76,Pinellas Park,53456,Pinellas Park
77,Westchester,53082,Westchester
78,Kendale Lakes,52141,Kendale Lakes
79,Tamiami,51201,Tamiami
80,Country Club,51000,Country Club
81,Titusville,49680,Titusville
82,Fort Pierce,49374,Fort Pierce
83,Ocoee,49261,Ocoee
84,University Cdp,48868,University Cdp
85,Clermont,48621,Clermont
86,Coral Gables,48353,Coral Gables
87,Winter Garden,47294,Winter Garden
88,Altamonte Springs,45257,Altamonte Springs
89,North Lauderdale,44784,North Lauderdale
90,Ormond Beach,44277,Ormond Beach
91,North Fort Myers,44189,North Fort Myers
92,Oakland Park,44105,Oakland Park
93,Greenacres,44103,Greenacres
94,Cutler Bay,43762,Cutler Bay
95,Lake Worth Beach,43346,Lake Worth Beach
96,Deland,43009,Deland
97,North Miami Beach,42789,North Miami Beach
98,University Cdp,42481,University Cdp
99,Land O' Lakes,41845,Land O' Lakes
100,Hallandale Beach,41547,Hallandale Beach
101,Princeton,41476,Princeton
102,Oviedo,41231,Oviedo
103,Meadow Woods,40741,Meadow Woods
104,Plant City,40571,Plant City
105,The Acreage,40188,The Acreage
106,Royal Palm Beach,39489,Royal Palm Beach
107,Lakewood Ranch,39434,Lakewood Ranch
108,Navarre,38988,Navarre
109,Winter Springs,38941,Winter Springs
110,Valrico,38820,Valrico
111,Aventura,38741,Aventura
112,Riviera Beach,38663,Riviera Beach
113,Parkland,37911,Parkland
114,Estero,37908,Estero
115,South Miami Heights,37525,South Miami Heights
116,Haines City,37272,Haines City
117,Lauderdale Lakes,36035,Lauderdale Lakes
118,Richmond West,35988,Richmond West
119,Dunedin,35930,Dunedin
120,Egypt Lake-Leto,35709,Egypt Lake-Leto
121,Panama City,35660,Panama City
122,Carrollwood,35645,Carrollwood
123,Fruit Cove,35609,Fruit Cove
124,Kendall West,35492,Kendall West
125,Golden Glades,35042,Golden Glades
126,Merritt Island,34718,Merritt Island
127,Cooper City,34321,Cooper City
128,West Little River,33147,West Little River
129,East Lake,33019,East Lake
130,New Smyrna Beach,32655,New Smyrna Beach
131,Buenaventura Lakes,32310,Buenaventura Lakes
132,Dania Beach,31915,Dania Beach
133,Sun City Center,31801,Sun City Center
134,Lake Magdalene,31733,Lake Magdalene
135,Leesburg,31721,Leesburg
136,Lakeside,31548,Lakeside
137,Miami Lakes,31238,Miami Lakes
138,Oakleaf Plantation,30737,Oakleaf Plantation
139,Casselberry,30595,Casselberry
140,Ferry Pass,30467,Ferry Pass
141,Ruskin,30074,Ruskin
142,Winter Park,29894,Winter Park
143,Rockledge,29452,Rockledge
144,Vero Beach South,29365,Vero Beach South
145,Fleming Island,29351,Fleming Island
146,Crestview,29300,Crestview
147,West Melbourne,29144,West Melbourne
148,East Lake-Orient Park,29064,East Lake-Orient Park
149,Golden Gate,28767,Golden Gate
150,Apollo Beach,28347,Apollo Beach
151,Citrus Park,28163,Citrus Park
152,Venice,28150,Venice
153,Silver Springs Shores,27556,Silver Springs Shores
154,Wright,27233,Wright
155,Palm Springs,27132,Palm Springs
156,Temple Terrace,26972,Temple Terrace
157,Leisure City,26917,Leisure City
158,Sebastian,26846,Sebastian
159,Lutz,26731,Lutz
160,Keystone,26723,Keystone
161,Palm River-Clair Mel,26719,Palm River-Clair Mel
162,Ives Estates,26154,Ives Estates
163,Fish Hawk,25945,Fish Hawk
164,Tarpon Springs,25872,Tarpon Springs
165,Palm City,25699,Palm City
166,Pace,25630,Pace
167,Immokalee,25624,Immokalee
168,South Bradenton,25585,South Bradenton
169,Nocatee,25581,Nocatee
170,Northdale,25420,Northdale
171,Key West,25103,Key West
172,Bellview,25051,Bellview
173,Westchase,24818,Westchase
174,Port St. John,24617,Port St. John
175,World Golf Village,24485,World Golf Village
176,Eustis,24457,Eustis
177,Oak Ridge,24395,Oak Ridge
178,Palmetto Bay,24264,Palmetto Bay
179,Liberty Triangle,24178,Liberty Triangle
180,Wekiwa Springs,24109,Wekiwa Springs
181,Coral Terrace,24051,Coral Terrace
182,Bloomingdale,23979,Bloomingdale
183,Bayonet Point,23787,Bayonet Point
184,Edgewater,23636,Edgewater
185,Groveland,23628,Groveland
186,Jacksonville Beach,23447,Jacksonville Beach
187,Brent,23441,Brent
188,Debary,23209,Debary
189,Jasmine Estates,23151,Jasmine Estates
190,Ensley,23036,Ensley
191,The Crossings,22359,The Crossings
192,Marion Oaks,22296,Marion Oaks
193,Hialeah Gardens,22286,Hialeah Gardens
194,Sunny Isles Beach,21885,Sunny Isles Beach
195,Holiday,21768,Holiday
196,Florida Ridge,21517,Florida Ridge
197,Hunters Creek,21255,Hunters Creek
198,Tavares,21061,Tavares
199,Lealman,21026,Lealman
200,Fort Walton Beach,20925,Fort Walton Beach
201,Zephyrhills,20883,Zephyrhills
202,Midway Cdp,20745,Midway Cdp
203,West Pensacola,20679,West Pensacola
204,Bartow,20584,Bartow
205,Lynn Haven,20501,Lynn Haven
206,Sweetwater,20352,Sweetwater
207,Punta Gorda,20227,Punta Gorda
208,Auburndale,20011,Auburndale
209,Cocoa,19930,Cocoa
210,Palm Valley,19775,Palm Valley
211,Naples,19704,Naples
212,Bradfordville,19548,Bradfordville
213,Stuart,19430,Stuart
214,Panama City Beach,19393,Panama City Beach
215,Englewood,19385,Englewood
216,Trinity,19296,Trinity
217,Seminole,19252,Seminole
218,Maitland,19215,Maitland
219,Gibsonton,18831,Gibsonton
220,Country Walk,18693,Country Walk
221,Wildwood,18636,Wildwood
222,Glenvar Heights,18488,Glenvar Heights
223,Bayshore Gardens,18324,Bayshore Gardens
224,San Carlos Park,18252,San Carlos Park
225,Pinecrest,18051,Pinecrest
226,Minneola,18001,Minneola
227,Mount Dora,17756,Mount Dora
228,New Port Richey,17708,New Port Richey
229,Pinewood,17427,Pinewood
230,South Venice,17399,South Venice
231,Vero Beach,17317,Vero Beach
232,Lake Butler Cdp,17242,Lake Butler Cdp
233,Viera West,17169,Viera West
234,Upper Grand Lagoon,17162,Upper Grand Lagoon
235,Ojus,17101,Ojus
236,Lady Lake,16967,Lady Lake
237,Safety Harbor,16955,Safety Harbor
238,Belle Glade,16840,Belle Glade
239,Longwood,16794,Longwood
240,Lake Mary,16709,Lake Mary
241,Lake Wales,16681,Lake Wales
242,Myrtle Grove,16637,Myrtle Grove
243,Palmetto Estates,16587,Palmetto Estates
244,Niceville,16490,Niceville
245,Three Lakes,16426,Three Lakes
246,Brownsville,16391,Brownsville
247,Marco Island,16210,Marco Island
248,Azalea Park,16110,Azalea Park
249,Warrington,15935,Warrington
250,Palmer Ranch,15873,Palmer Ranch
251,Fruitville,15828,Fruitville
252,Opa-Locka,15794,Opa-Locka
253,St. Augustine,15596,St. Augustine
254,West Lealman,15560,West Lealman
255,Yulee,15521,Yulee
256,Homosassa Springs,15465,Homosassa Springs
257,West Park,15109,West Park
258,Davenport,15068,Davenport
259,Orange City,14928,Orange City
260,Forest City,14871,Forest City
261,Oldsmar,14831,Oldsmar
262,Lockhart,14753,Lockhart
263,Thonotosassa,14660,Thonotosassa
264,Gladeview,14657,Gladeview
265,Naranja,14610,Naranja
266,Key Biscayne,14414,Key Biscayne
267,Hobe Sound,14313,Hobe Sound
268,Iona,14290,Iona
269,East Milton,14280,East Milton
270,Destin,14188,Destin
271,Southchase,14149,Southchase
272,Lakewood Park,14077,Lakewood Park
273,Bellair-Meadowbrook Terrace,13887,Bellair-Meadowbrook Terrace
274,Elfers,13877,Elfers
275,Gonzalez,13861,Gonzalez
276,South Daytona,13781,South Daytona
277,On Top Of The World,13772,On Top Of The World
278,Cheval,13694,Cheval
279,Callaway,13661,Callaway
280,Sunset,13652,Sunset
281,Fernandina Beach,13647,Fernandina Beach
282,Villas,13578,Villas
283,Palmetto,13577,Palmetto
284,Asbury Lake,13465,Asbury Lake
285,Jupiter Farms,13394,Jupiter Farms
286,Conway,13346,Conway
287,Miami Springs,13325,Miami Springs
288,Atlantic Beach,13182,Atlantic Beach
289,Olympia Heights,13179,Olympia Heights
290,Celebration,13150,Celebration
291,Cypress Lake,13145,Cypress Lake
292,North Palm Beach,13095,North Palm Beach
293,Viera East,13082,Viera East
294,Holly Hill,13075,Holly Hill
295,Mango,13037,Mango
296,Wimauma,13003,Wimauma
297,Pasadena Hills,12848,Pasadena Hills
298,Highland City,12732,Highland City
299,Sarasota Springs,12669,Sarasota Springs
300,Goldenrod,12603,Goldenrod
301,Lake City,12602,Lake City
302,Florida City,12582,Florida City
303,Doctor Phillips,12458,Doctor Phillips
304,Jensen Beach,12456,Jensen Beach
305,Lantana,12086,Lantana
306,South Miami,12073,South Miami
307,Key Largo,12069,Key Largo
308,Goulds,12019,Goulds
309,Shady Hills,12012,Shady Hills
310,Middleburg,11911,Middleburg
311,Laurel,11868,Laurel
312,Westview,11823,Westview
313,Medulla,11712,Medulla
314,Lakeland Highlands,11669,Lakeland Highlands
315,Gulfport,11655,Gulfport
316,Sebring,11563,Sebring
317,Miami Shores,11530,Miami Shores
318,New Port Richey East,11485,New Port Richey East
319,Citrus Springs,11469,Citrus Springs
320,Wilton Manors,11403,Wilton Manors
321,Cocoa Beach,11389,Cocoa Beach
322,Satellite Beach,11343,Satellite Beach
323,Union Park,11111,Union Park
324,Fairview Shores,11064,Fairview Shores
327,Hudson,10873,Hudson
328,Sugarmill Woods,10871,Sugarmill Woods
329,West Vero Corridor,10802,West Vero Corridor
330,Bithlo,10790,Bithlo
331,Alachua,10770,Alachua
332,Westwood Lakes,10768,Westwood Lakes
333,Palatka,10730,Palatka
334,Pebble Creek,10719,Pebble Creek
335,Fuller Heights,10697,Fuller Heights
336,Pine Ridge Cdp,10676,Pine Ridge Cdp
337,Memphis,10626,Memphis
338,Lighthouse Point,10501,Lighthouse Point
339,Pine Castle,10429,Pine Castle
340,Progress Village,10378,Progress Village
341,Rotonda,10312,Rotonda
342,Avon Park,10219,Avon Park
343,Green Cove Springs,10130,Green Cove Springs
344,Bardmoor,10095,Bardmoor
345,Cape Canaveral,10014,Cape Canaveral
346,Cypress Gardens,10013,Cypress Gardens
347,West Perrine,9944,West Perrine
350,Marathon,9849,Marathon
351,Brooksville,9789,Brooksville
352,Beverly Hills,9716,Beverly Hills
353,Gateway,9603,Gateway
354,Richmond Heights,9489,Richmond Heights
355,Palm Beach,9258,Palm Beach
356,Orange Park,9064,Orange Park
357,Micco,9053,Micco
358,Citrus Hills,9044,Citrus Hills
359,Indian Harbour Beach,9019,Indian Harbour Beach
360,Lake Park,8984,Lake Park
361,North Merritt Island,8903,North Merritt Island
362,Hernando,8795,Hernando
363,Fruitland Park,8765,Fruitland Park
364,St. Pete Beach,8732,St. Pete Beach
365,Dade City,8646,Dade City
366,Fern Park,8593,Fern Park
367,Miramar Beach,8587,Miramar Beach
368,Wedgefield,8556,Wedgefield
369,Mascotte,8536,Mascotte
370,Seffner,8498,Seffner
371,Westgate,8369,Westgate
372,Gulf Gate,8317,Gulf Gate
373,Lely Resort,8296,Lely Resort
374,Springfield,8255,Springfield
375,Mcgregor,8198,Mcgregor
376,Odessa,8170,Odessa
377,Macclenny,8027,Macclenny
378,Newberry,8010,Newberry
379,North Weeki Wachee,7967,North Weeki Wachee
380,North Bay Village,7930,North Bay Village
381,Quincy,7913,Quincy
382,Inverness,7857,Inverness
383,Arcadia,7846,Arcadia
384,Broadview Park,7802,Broadview Park
385,Sky Lake,7728,Sky Lake
386,Beacon Square,7643,Beacon Square
387,Southwest Ranches,7566,Southwest Ranches
388,Loughman,7535,Loughman
389,Longboat Key,7488,Longboat Key
390,Inverness Highlands South,7478,Inverness Highlands South
391,South Apopka,7425,South Apopka
392,Williamsburg,7400,Williamsburg
393,Lake Alfred,7355,Lake Alfred
394,Indian River Estates,7331,Indian River Estates
395,Willow Oak,7299,Willow Oak
396,Marianna,7294,Marianna
397,Mims,7282,Mims
398,Perry,7281,Perry
399,West Samoset,7273,West Samoset
400,Southeast Arcadia,7247,Southeast Arcadia
401,Clewiston,7238,Clewiston
402,Lake Lorraine,7210,Lake Lorraine
403,Belle Isle,7171,Belle Isle
404,Connerton,7159,Connerton
405,Inwood,7098,Inwood
406,Live Oak,7093,Live Oak
407,Heathrow,7033,Heathrow
408,Fort Pierce North,7023,Fort Pierce North
409,"Islamorada, Village Of Islands",6988,"Islamorada, Village Of Islands"
410,Neptune Beach,6984,Neptune Beach
411,Ormond-By-The-Sea,6962,Ormond-By-The-Sea
412,West Miami,6944,West Miami
413,Lecanto,6929,Lecanto
414,Orlovista,6928,Orlovista
415,Port Labelle,6856,Port Labelle
416,Ave Maria,6826,Ave Maria
417,Gulf Breeze,6823,Gulf Breeze
418,St. Augustine Beach,6779,St. Augustine Beach
419,Freeport,6778,Freeport
420,Defuniak Springs,6764,Defuniak Springs
421,Indiantown,6755,Indiantown
422,South Patrick Shores,6726,South Patrick Shores
423,High Springs,6648,High Springs
424,Pelican Bay,6575,Pelican Bay
425,Kathleen,6527,Kathleen
426,Treasure Island,6522,Treasure Island
427,Ocean City,6480,Ocean City
428,River Park,6415,River Park
429,Sanibel,6328,Sanibel
430,Pembroke Park,6300,Pembroke Park
431,Vero Lake Estates,6262,Vero Lake Estates
432,Lauderdale-By-The-Sea,6154,Lauderdale-By-The-Sea
433,Tequesta,6134,Tequesta
434,Southgate,6054,Southgate
435,Dundee,6043,Dundee
436,Three Oaks,6037,Three Oaks
437,Westlake,5999,Westlake
438,Fort Myers Shores,5966,Fort Myers Shores
439,Starke,5937,Starke
440,Crawfordville,5892,Crawfordville
441,Jan Phyl Village,5798,Jan Phyl Village
442,Lochmoor Waterway Estates,5791,Lochmoor Waterway Estates
443,Osprey,5790,Osprey
446,Siesta Key,5690,Siesta Key
447,Bay Harbor Islands,5679,Bay Harbor Islands
448,Okeechobee,5602,Okeechobee
449,Pahokee,5553,Pahokee
450,Flagler Beach,5541,Flagler Beach
451,Surfside,5472,Surfside
452,Floral City,5467,Floral City
453,The Meadows,5463,The Meadows
454,South Gate Ridge,5456,South Gate Ridge
455,Ellenton,5454,Ellenton
456,Zephyrhills South,5422,Zephyrhills South
457,Cocoa West,5416,Cocoa West
458,Rio Pinar,5396,Rio Pinar
461,White City,5373,White City
462,Balm,5362,Balm
463,Cortez,5323,Cortez
464,Whiskey Creek,5298,Whiskey Creek
465,Palm Springs North,5291,Palm Springs North
466,South Pasadena,5288,South Pasadena
467,Fort Meade,5270,Fort Meade
468,Naples Manor,5262,Naples Manor
469,Fort Myers Beach,5251,Fort Myers Beach
470,Rainbow Springs,5226,Rainbow Springs
471,Labelle,5222,Labelle
472,Crystal Lake,5203,Crystal Lake
473,Daytona Beach Shores,5194,Daytona Beach Shores
474,River Ridge,5191,River Ridge
475,Samsula-Spruce Creek,5174,Samsula-Spruce Creek
476,Fussels Corner,5113,Fussels Corner
477,Ridge Wood Heights,5085,Ridge Wood Heights
478,Grant-Valkaria,5045,Grant-Valkaria
479,Valparaiso,5029,Valparaiso
482,Pensacola Station,4993,Pensacola Station
483,Fellsmere,4982,Fellsmere
484,Kenneth City,4975,Kenneth City
485,Wauchula,4943,Wauchula
486,South Sarasota,4905,South Sarasota
487,St. Augustine South,4864,St. Augustine South
488,South Bay,4861,South Bay
489,June Park,4852,June Park
490,South Brooksville,4835,South Brooksville
491,Timber Pines,4790,Timber Pines
492,Brookridge,4788,Brookridge
495,Nassau Village-Ratliff,4749,Nassau Village-Ratliff
496,Whitfield Cdp,4745,Whitfield Cdp
497,Sawgrass,4734,Sawgrass
498,Stock Island,4724,Stock Island
499,Butler Beach,4723,Butler Beach
500,Mount Plymouth,4688,Mount Plymouth
501,Fort Pierce South,4686,Fort Pierce South
502,Gifford,4658,Gifford
503,Buckingham,4637,Buckingham
504,Clarcona,4636,Clarcona
505,Parker,4631,Parker
506,Big Pine Key,4584,Big Pine Key
507,Moon Lake,4572,Moon Lake
508,Lake Panasoffkee,4525,Lake Panasoffkee
509,Belleair,4495,Belleair
510,Taylor Creek,4493,Taylor Creek
511,Plantation Cdp,4483,Plantation Cdp
512,Ridge Manor,4478,Ridge Manor
513,Wahneta,4464,Wahneta
514,Indian River Shores,4458,Indian River Shores
515,Charlotte Harbor,4456,Charlotte Harbor
516,Samoset,4433,Samoset
517,Florida Gulf Coast University,4416,Florida Gulf Coast University
518,Laguna Beach,4367,Laguna Beach
519,Hutchinson Island South,4350,Hutchinson Island South
520,Mulberry,4346,Mulberry
521,Lower Grand Lagoon,4305,Lower Grand Lagoon
522,Bagdad,4285,Bagdad
523,Highland Beach,4266,Highland Beach
524,Suncoast Estates,4255,Suncoast Estates
525,Bay Hill,4214,Bay Hill
526,Harbour Heights,4184,Harbour Heights
527,Eagle Lake,4169,Eagle Lake
528,South Highpoint,4129,South Highpoint
529,Woodville,4109,Woodville
530,Mary Esther,4084,Mary Esther
531,North Brooksville,4082,North Brooksville
532,Tierra Verde,4051,Tierra Verde
533,West Bradenton,4017,West Bradenton
534,Madeira Beach,3999,Madeira Beach
535,Tangerine,3967,Tangerine
536,Wallace,3965,Wallace
539,Pine Manor,3929,Pine Manor
540,Umatilla,3889,Umatilla
541,Bunnell,3879,Bunnell
542,Alturas,3866,Alturas
543,Juno Beach,3863,Juno Beach
544,St. James City,3846,St. James City
545,Lake Sarasota,3802,Lake Sarasota
546,Port St. Joe,3775,Port St. Joe
547,Lely,3770,Lely
548,Point Baker,3757,Point Baker
549,Hill 'N Dale,3722,Hill 'N Dale
550,Chipley,3718,Chipley
551,Watergate,3709,Watergate
552,Montura,3678,Montura
553,North River Shores,3655,North River Shores
554,Indian Rocks Beach,3640,Indian Rocks Beach
555,Oakland,3635,Oakland
556,High Point,3618,High Point
557,Kensington Park,3561,Kensington Park
558,Lake Clarke Shores,3542,Lake Clarke Shores
559,Geneva,3520,Geneva
560,Crystal River,3514,Crystal River
561,Holden Lakes,3506,Holden Lakes
562,Port Richey,3485,Port Richey
563,Vineyards,3484,Vineyards
564,Midway City,3478,Midway City
565,Tiger Point,3453,Tiger Point
566,Loxahatchee Groves,3452,Loxahatchee Groves
567,Ponce Inlet,3450,Ponce Inlet
568,Goulding,3448,Goulding
569,Frostproof,3393,Frostproof
570,Nokomis,3391,Nokomis
571,Rainbow Lakes Estates,3376,Rainbow Lakes Estates
572,Big Coppitt Key,3333,Big Coppitt Key
573,Woodlawn Beach,3328,Woodlawn Beach
574,Feather Sound,3309,Feather Sound
575,Ridgecrest,3288,Ridgecrest
576,Alva,3279,Alva
577,West Deland,3278,West Deland
580,Venice Gardens,3246,Venice Gardens
581,Zephyrhills North,3243,Zephyrhills North
582,Williston Highlands,3213,Williston Highlands
583,Williston,3201,Williston
584,Bushnell,3196,Bushnell
585,San Castle,3159,San Castle
586,Dover,3157,Dover
587,Malabar,3120,Malabar
588,Indialantic,3114,Indialantic
589,Holden Heights,3108,Holden Heights
590,Windermere,3092,Windermere
591,South Beach,3081,South Beach
592,Hilliard,3055,Hilliard
593,Harlem,3050,Harlem
594,Dade City North,3049,Dade City North
595,North Sarasota,3041,North Sarasota
596,Polk City,3028,Polk City
597,Holmes Beach,3027,Holmes Beach
598,Harbor Bluffs,3020,Harbor Bluffs
599,Madison,3003,Madison
600,Biscayne Park,2993,Biscayne Park
601,Chattahoochee,2984,Chattahoochee
602,Quail Ridge,2983,Quail Ridge
603,Eglin Afb,2975,Eglin Afb
604,Bal Harbour,2967,Bal Harbour
605,Lake Helen,2964,Lake Helen
606,Sharpes,2948,Sharpes
607,Verona Walk,2931,Verona Walk
608,Cedar Grove,2911,Cedar Grove
609,Olga,2876,Olga
610,Hurlburt Field,2867,Hurlburt Field
611,Vamo,2845,Vamo
612,Bonifay,2825,Bonifay
613,Hypoluxo,2823,Hypoluxo
614,Watertown,2797,Watertown
615,Inverness Highlands North,2785,Inverness Highlands North
616,De Leon Springs,2784,De Leon Springs
617,Jasper,2762,Jasper
618,Edgewood,2737,Edgewood
619,Island Walk,2724,Island Walk
620,Monticello,2714,Monticello
621,Bay Pines,2700,Bay Pines
622,Cleveland,2690,Cleveland
623,Silver Springs,2640,Silver Springs
624,St. Leo,2628,St. Leo
625,Silver Lake,2610,Silver Lake
626,Eastpoint,2602,Eastpoint
627,Holley,2595,Holley
628,Mangonia Park,2586,Mangonia Park
629,Tropical Park,2567,Tropical Park
630,Roosevelt Gardens,2566,Roosevelt Gardens
631,Lake Belvedere Estates,2532,Lake Belvedere Estates
632,Hernando Beach,2518,Hernando Beach
633,Lake Placid,2514,Lake Placid
634,Pelican Marsh,2513,Pelican Marsh
635,Berkshire Lakes,2493,Berkshire Lakes
636,Zellwood,2484,Zellwood
637,Cudjoe Key,2478,Cudjoe Key
638,Bowling Green,2449,Bowling Green
639,Chiefland,2420,Chiefland
640,Apalachicola,2412,Apalachicola
641,Pretty Bayou,2405,Pretty Bayou
642,Carrabelle,2382,Carrabelle
643,Ocala Estates,2347,Ocala Estates
644,Greenbriar,2344,Greenbriar
645,Grenelefe,2341,Grenelefe
646,Lake Mary Jane,2323,Lake Mary Jane
647,East Bronson,2303,East Bronson
648,Belleair Bluffs,2286,Belleair Bluffs
649,Eatonville,2284,Eatonville
650,Blountstown,2270,Blountstown
651,Lake Mack-Forest Hills,2267,Lake Mack-Forest Hills
652,Virginia Gardens,2260,Virginia Gardens
653,Manatee Road,2252,Manatee Road
654,Campbell,2247,Campbell
655,Vilano Beach,2229,Vilano Beach
656,Graceville,2208,Graceville
657,Burnt Store Marina,2201,Burnt Store Marina
658,Desoto Lakes,2193,Desoto Lakes
659,Trenton,2192,Trenton
663,Haverhill,2175,Haverhill
664,Redington Shores,2164,Redington Shores
665,Seminole Manor,2161,Seminole Manor
666,Crooked Lake Park,2151,Crooked Lake Park
667,Oriole Beach,2146,Oriole Beach
668,Bokeelia,2136,Bokeelia
669,Oak Hill,2128,Oak Hill
670,Atlantis,2107,Atlantis
671,Tangelo Park,2103,Tangelo Park
672,Bear Creek,2091,Bear Creek
673,Roseland,2080,Roseland
674,Homosassa,2072,Homosassa
675,Rainbow Park,2070,Rainbow Park
676,Sewall'S Point,2064,Sewall'S Point
677,Astatula,2053,Astatula
678,Grove City,2049,Grove City
679,Pine Air,2036,Pine Air
680,Franklin Park,2018,Franklin Park
681,Lake Butler City,2015,Lake Butler City
682,Dunnellon,1990,Dunnellon
683,Hillsboro Beach,1975,Hillsboro Beach
686,Cabana Colony,1930,Cabana Colony
687,El Portal,1897,El Portal
688,Washington Park,1896,Washington Park
689,Taft,1867,Taft
690,Ocean Ridge,1841,Ocean Ridge
691,Charlotte Park,1803,Charlotte Park
692,Pine Ridge Cdp,1800,Pine Ridge Cdp
693,Callahan,1798,Callahan
694,Cross City,1790,Cross City
695,Lake Kerr,1767,Lake Kerr
696,Verandah,1766,Verandah
697,Montverde,1763,Montverde
698,Century,1758,Century
699,Sneads,1756,Sneads
700,Manasota Key,1741,Manasota Key
701,Havana,1740,Havana
702,Zolfo Springs,1735,Zolfo Springs
703,Royal Palm Estates,1722,Royal Palm Estates
704,Crescent City,1696,Crescent City
705,Howey-In-The-Hills,1674,Howey-In-The-Hills
706,Pine Island Center,1668,Pine Island Center
707,Christmas,1665,Christmas
708,Moore Haven,1664,Moore Haven
709,Wabasso,1648,Wabasso
710,Lake Hamilton,1643,Lake Hamilton
711,North Key Largo,1630,North Key Largo
712,Belleair Beach,1617,Belleair Beach
713,Molino,1607,Molino
716,Inglis,1599,Inglis
717,Navarre Beach,1583,Navarre Beach
718,Malone,1567,Malone
721,Black Diamond,1549,Black Diamond
724,Heritage Pines,1520,Heritage Pines
725,Astor,1507,Astor
728,San Antonio,1488,San Antonio
729,Interlachen,1482,Interlachen
730,Glencoe,1479,Glencoe
731,North Redington Beach,1469,North Redington Beach
732,South Palm Beach,1458,South Palm Beach
733,Lacoochee,1445,Lacoochee
734,Boulevard Gardens,1426,Boulevard Gardens
735,Kenwood Estates,1403,Kenwood Estates
736,Old Miakka,1398,Old Miakka
737,Fort Denaud,1396,Fort Denaud
738,Pine Lakes,1394,Pine Lakes
739,Cypress Quarters,1382,Cypress Quarters
740,Redington Beach,1373,Redington Beach
741,Baldwin,1366,Baldwin
742,Crystal Springs,1362,Crystal Springs
743,Gretna,1352,Gretna
744,Yalaha,1343,Yalaha
745,Homestead Base,1334,Homestead Base
746,Palm Beach Shores,1327,Palm Beach Shores
747,Punta Rassa,1317,Punta Rassa
748,Fanning Springs,1307,Fanning Springs
749,Rio,1265,Rio
750,Juno Ridge,1260,Juno Ridge
751,Bronson,1235,Bronson
752,Silver Springs Shores East,1224,Silver Springs Shores East
753,St. George Island,1218,St. George Island
754,Palm Shores,1209,Palm Shores
755,Allentown,1200,Allentown
756,Black Hammock,1194,Black Hammock
757,Indian Shores,1192,Indian Shores
758,Gotha,1179,Gotha
759,Seville,1165,Seville
760,Five Points,1160,Five Points
761,Babson Park,1156,Babson Park
762,Archer,1154,Archer
763,Mexico Beach,1122,Mexico Beach
766,Harlem Heights,1105,Harlem Heights
767,North Deland,1096,North Deland
768,Weeki Wachee Gardens,1070,Weeki Wachee Gardens
769,Winding Cypress,1053,Winding Cypress
770,Deland Southwest,1042,Deland Southwest
771,Panacea,1039,Panacea
772,Medley,1036,Medley
773,Avalon,1033,Avalon
774,Palmona Park,1028,Palmona Park
775,Masaryktown,1023,Masaryktown
776,Anna Maria,1008,Anna Maria
777,Center Hill,1002,Center Hill
778,Page Park,973,Page Park
779,Golden Beach,972,Golden Beach
780,Chumuckla,969,Chumuckla
781,Gulf Stream,968,Gulf Stream
782,Indian Lake Estates,956,Indian Lake Estates
783,Solana,953,Solana
784,Paradise Heights,950,Paradise Heights
785,Webster,931,Webster
786,Bristol,924,Bristol
787,Bradenton Beach,916,Bradenton Beach
788,Grand Ridge,912,Grand Ridge
789,Chokoloskee,911,Chokoloskee
790,Crescent Beach,903,Crescent Beach
793,Cottondale,868,Cottondale
794,Garden Grove,858,Garden Grove
795,Gun Club Estates,853,Gun Club Estates
796,Matlacha,845,Matlacha
797,Penney Farms,838,Penney Farms
798,Fisher Island,830,Fisher Island
799,Jupiter Island,828,Jupiter Island
800,Stacey Street,822,Stacey Street
801,Waldo,818,Waldo
802,Pomona Park,812,Pomona Park
803,Lake Kathryn,797,Lake Kathryn
804,Scottsmoor,791,Scottsmoor
805,Greenville,778,Greenville
806,Bradley Junction,772,Bradley Junction
807,Coleman,771,Coleman
812,Paisley,762,Paisley
817,Duck Key,755,Duck Key
818,Heritage Bay,752,Heritage Bay
819,Marco Shores-Hammock Bay,746,Marco Shores-Hammock Bay
820,Vernon,745,Vernon
821,Welaka,743,Welaka
822,Fort Green Springs,742,Fort Green Springs
823,Andrews,737,Andrews
824,Cedar Key,732,Cedar Key
825,Raleigh,699,Raleigh
826,Melbourne Village,684,Melbourne Village
827,Chaires,676,Chaires
828,East Williston,671,East Williston
829,Lawtey,670,Lawtey
830,Micanopy,652,Micanopy
831,Fort White,648,Fort White
832,Paxton,643,Paxton
833,Yankeetown,628,Yankeetown
834,Whitfield Cdp,626,Whitfield Cdp
835,Pioneer,612,Pioneer
838,St. Lucie Village,605,St. Lucie Village
839,Garcon Point,581,Garcon Point
840,Jay,572,Jay
841,Hillsboro Pines,567,Hillsboro Pines
842,Bell,558,Bell
843,Lake Mystic,556,Lake Mystic
844,Greenwood,553,Greenwood
845,Sea Ranch Lakes,552,Sea Ranch Lakes
846,Orchid,547,Orchid
847,Wiscon,535,Wiscon
850,Briny Breezes,517,Briny Breezes
851,Beverly Beach,516,Beverly Beach
852,Mcintosh,508,Mcintosh
853,Gardner,502,Gardner
854,Schall Circle,501,Schall Circle
855,Reddick,496,Reddick
856,Altha,495,Altha
857,Hampton,488,Hampton
858,Glen St. Mary,485,Glen St. Mary
859,Cinco Bayou,469,Cinco Bayou
860,Sopchoppy,466,Sopchoppy
861,Pinecraft,465,Pinecraft
862,Roeville,460,Roeville
863,Greensboro,459,Greensboro
864,Ferndale,457,Ferndale
865,Manalapan,429,Manalapan
866,Jupiter Inlet Colony,426,Jupiter Inlet Colony
867,Lake Hart,425,Lake Hart
868,Lemon Grove,418,Lemon Grove
869,Harold,408,Harold
870,Miccosukee,407,Miccosukee
871,Brownsdale,404,Brownsdale
872,Ocean Breeze,402,Ocean Breeze
873,Worthington Springs,389,Worthington Springs
874,Wausau,386,Wausau
877,Tyndall Afb,379,Tyndall Afb
878,Pineland,375,Pineland
879,Esto,351,Esto
880,Homeland,348,Homeland
881,Munson,344,Munson
882,Spring Ridge,339,Spring Ridge
883,Brooker,336,Brooker
884,Okahumpka,332,Okahumpka
885,Floridatown,330,Floridatown
886,Wacissa,328,Wacissa
887,La Crosse,320,La Crosse
888,Caryville,315,Caryville
889,Yeehaw Junction,314,Yeehaw Junction
890,Capitola,306,Capitola
891,St. Marks,305,St. Marks
894,Windsor,293,Windsor
895,Mulat,291,Mulat
896,Acacia Villas,289,Acacia Villas
897,Highland Park,278,Highland Park
902,Golf,265,Golf
903,Nobleton,246,Nobleton
909,Noma,215,Noma
910,Glen Ridge,214,Glen Ridge
911,Sorrento,211,Sorrento
912,Berrydale,205,Berrydale
913,Layton,202,Layton
914,Day,200,Day
915,Pine Level,199,Pine Level
918,Aripeka,190,Aripeka
919,Lake Lindsey,189,Lake Lindsey
920,Lloyd,186,Lloyd
921,Pittman,183,Pittman
922,Morriston,176,Morriston
925,Bayport,168,Bayport
926,Pine Island,158,Pine Island
927,Cloud Lake,140,Cloud Lake
928,Captiva,129,Captiva
929,Lisbon,113,Lisbon
930,Otter Creek,111,Otter Creek
933,Tildenville,104,Tildenville
934,Limestone,93,Limestone
935,Bascom,90,Bascom
938,Matlacha Isles-Matlacha Shores,87,Matlacha Isles-Matlacha Shores
939,Indian Creek,82,Indian Creek
940,Istachatta,77,Istachatta
941,Belleair Shore,75,Belleair Shore
942,Dickerson City,74,Dickerson City
943,Cobbtown,61,Cobbtown
944,Dixonville,43,Dixonville
945,Plantation Island,40,Plantation Island
946,Sumatra,38,Sumatra
947,Charleston Park,37,Charleston Park
948,Ona,34,Ona
949,Altoona,33,Altoona
950,Lazy Lake,31,Lazy Lake
951,Lake Buena Vista,25,Lake Buena Vista
952,Bay Lake,23,Bay Lake
953,Marineland,9,Marineland
